<?xml version="1.0"?>
<options>
   <gameoption>
      <optionname>friendly_fire</optionname>
      <optionvalue>false</optionvalue>
   </gameoption>
   <gameoption>
      <optionname>skip_ineligable_movement</optionname>
      <optionvalue>false</optionvalue>
   </gameoption>
   <gameoption>
      <optionname>skip_ineligable_firing</optionname>
      <optionvalue>false</optionvalue>
   </gameoption>
   <gameoption>
      <optionname>skip_ineligable_physical</optionname>
      <optionvalue>true</optionvalue>
   </gameoption>
   <gameoption>
      <optionname>push_off_board</optionname>
      <optionvalue>true</optionvalue>
   </gameoption>
   <gameoption>
      <optionname>team_initiative</optionname>
      <optionvalue>true</optionvalue>
   </gameoption>
   <gameoption>
      <optionname>autosave_msg</optionname>
      <optionvalue>true</optionvalue>
   </gameoption>
   <gameoption>
      <optionname>paranoid_autosave</optionname>
      <optionvalue>false</optionvalue>
   </gameoption>
   <gameoption>
      <optionname>no_force_size_mod</optionname>
      <optionvalue>false</optionvalue>
   </gameoption>
   <gameoption>
      <optionname>exclusive_db_deployment</optionname>
      <optionvalue>true</optionvalue>
   </gameoption>
   <gameoption>
      <optionname>deep_deployment</optionname>
      <optionvalue>false</optionvalue>
   </gameoption>
   <gameoption>
      <optionname>blind_drop</optionname>
      <optionvalue>false</optionvalue>
   </gameoption>
   <gameoption>
      <optionname>real_blind_drop</optionname>
      <optionvalue>false</optionvalue>
   </gameoption>
   <gameoption>
      <optionname>lobby_ammo_dump</optionname>
      <optionvalue>false</optionvalue>
   </gameoption>
   <gameoption>
      <optionname>dumping_from_round</optionname>
      <optionvalue>1</optionvalue>
   </gameoption>
   <gameoption>
      <optionname>set_arty_player_homeedge</optionname>
      <optionvalue>false</optionvalue>
   </gameoption>
   <gameoption>
      <optionname>restrict_game_commands</optionname>
      <optionvalue>false</optionvalue>
   </gameoption>
   <gameoption>
      <optionname>disable_local_save</optionname>
      <optionvalue>false</optionvalue>
   </gameoption>
   <gameoption>
      <optionname>bridgeCF</optionname>
      <optionvalue>0</optionvalue>
   </gameoption>
   <gameoption>
      <optionname>show_bay_detail</optionname>
      <optionvalue>false</optionvalue>
   </gameoption>
   <gameoption>
      <optionname>rng_type</optionname>
      <optionvalue>1</optionvalue>
   </gameoption>
   <gameoption>
      <optionname>flamer_heat</optionname>
      <optionvalue>true</optionvalue>
   </gameoption>
   <gameoption>
      <optionname>indirect_fire</optionname>
      <optionvalue>true</optionvalue>
   </gameoption>
   <gameoption>
      <optionname>skip_forced_victory</optionname>
      <optionvalue>false</optionvalue>
   </gameoption>
   <gameoption>
      <optionname>check_victory</optionname>
      <optionvalue>true</optionvalue>
   </gameoption>
   <gameoption>
      <optionname>achieve_conditions</optionname>
      <optionvalue>1</optionvalue>
   </gameoption>
   <gameoption>
      <optionname>use_bv_destroyed</optionname>
      <optionvalue>false</optionvalue>
   </gameoption>
   <gameoption>
      <optionname>bv_destroyed_percent</optionname>
      <optionvalue>100</optionvalue>
   </gameoption>
   <gameoption>
      <optionname>use_bv_ratio</optionname>
      <optionvalue>false</optionvalue>
   </gameoption>
   <gameoption>
      <optionname>bv_ratio_percent</optionname>
      <optionvalue>300</optionvalue>
   </gameoption>
   <gameoption>
      <optionname>use_game_turn_limit</optionname>
      <optionvalue>false</optionvalue>
   </gameoption>
   <gameoption>
      <optionname>game_turn_limit</optionname>
      <optionvalue>10</optionvalue>
   </gameoption>
   <gameoption>
      <optionname>commander_killed</optionname>
      <optionvalue>false</optionvalue>
   </gameoption>
   <gameoption>
      <optionname>canon_only</optionname>
      <optionvalue>false</optionvalue>
   </gameoption>
   <gameoption>
      <optionname>allow_advanced_units</optionname>
      <optionvalue>false</optionvalue>
   </gameoption>
   <gameoption>
      <optionname>allow_illegal_units</optionname>
      <optionvalue>false</optionvalue>
   </gameoption>
   <gameoption>
      <optionname>allow_advanced_ammo</optionname>
      <optionvalue>false</optionvalue>
   </gameoption>
   <gameoption>
      <optionname>is_eq_limits</optionname>
      <optionvalue>true</optionvalue>
   </gameoption>
   <gameoption>
      <optionname>clan_ignore_eq_limits</optionname>
      <optionvalue>false</optionvalue>
   </gameoption>
   <gameoption>
      <optionname>no_clan_physical</optionname>
      <optionvalue>false</optionvalue>
   </gameoption>
   <gameoption>
      <optionname>allow_nukes</optionname>
      <optionvalue>false</optionvalue>
   </gameoption>
   <gameoption>
      <optionname>really_allow_nukes</optionname>
      <optionvalue>false</optionvalue>
   </gameoption>
   <gameoption>
      <optionname>minefields</optionname>
      <optionvalue>false</optionvalue>
   </gameoption>
   <gameoption>
      <optionname>double_blind</optionname>
      <optionvalue>false</optionvalue>
   </gameoption>
   <gameoption>
      <optionname>supress_all_double_blind_messages</optionname>
      <optionvalue>false</optionvalue>
   </gameoption>
   <gameoption>
      <optionname>team_vision</optionname>
      <optionvalue>true</optionvalue>
   </gameoption>
   <gameoption>
      <optionname>tacops_bap</optionname>
      <optionvalue>false</optionvalue>
   </gameoption>
   <gameoption>
      <optionname>tacops_eccm</optionname>
      <optionvalue>false</optionvalue>
   </gameoption>
   <gameoption>
      <optionname>tacops_ghost_target</optionname>
      <optionvalue>false</optionvalue>
   </gameoption>
   <gameoption>
      <optionname>tacops_dig_in</optionname>
      <optionvalue>false</optionvalue>
   </gameoption>
   <gameoption>
      <optionname>tacops_angel_ecm</optionname>
      <optionvalue>false</optionvalue>
   </gameoption>
   <gameoption>
      <optionname>tacops_battle_wreck</optionname>
      <optionvalue>false</optionvalue>
   </gameoption>
   <gameoption>
      <optionname>tacops_skin_of_the_teeth_ejection</optionname>
      <optionvalue>false</optionvalue>
   </gameoption>
   <gameoption>
      <optionname>tacops_mobile_hqs</optionname>
      <optionvalue>false</optionvalue>
   </gameoption>
   <gameoption>
      <optionname>tacops_fatigue</optionname>
      <optionvalue>false</optionvalue>
   </gameoption>
   <gameoption>
      <optionname>assault_drop</optionname>
      <optionvalue>false</optionvalue>
   </gameoption>
   <gameoption>
      <optionname>paratroopers</optionname>
      <optionvalue>false</optionvalue>
   </gameoption>
   <gameoption>
      <optionname>inclusive_sensor_range</optionname>
      <optionvalue>false</optionvalue>
   </gameoption>
   <gameoption>
      <optionname>woods_burn_down</optionname>
      <optionvalue>false</optionvalue>
   </gameoption>
   <gameoption>
      <optionname>woods_burn_down_amount</optionname>
      <optionvalue>5</optionvalue>
   </gameoption>
   <gameoption>
      <optionname>no_ignite_clear</optionname>
      <optionvalue>false</optionvalue>
   </gameoption>
   <gameoption>
      <optionname>a4homing_target_area</optionname>
      <optionvalue>false</optionvalue>
   </gameoption>
   <gameoption>
      <optionname>all_have_ei_cockpit</optionname>
      <optionvalue>false</optionvalue>
   </gameoption>
   <gameoption>
      <optionname>extreme_temperature_survival</optionname>
      <optionvalue>false</optionvalue>
   </gameoption>
   <gameoption>
      <optionname>armed_mechwarriors</optionname>
      <optionvalue>false</optionvalue>
   </gameoption>
   <gameoption>
      <optionname>pilots_visual_range_one</optionname>
      <optionvalue>false</optionvalue>
   </gameoption>
   <gameoption>
      <optionname>pilots_cannot_spot</optionname>
      <optionvalue>false</optionvalue>
   </gameoption>
   <gameoption>
      <optionname>tacops_ams</optionname>
      <optionvalue>false</optionvalue>
   </gameoption>
   <gameoption>
      <optionname>floating_crits</optionname>
      <optionvalue>false</optionvalue>
   </gameoption>
   <gameoption>
      <optionname>tacops_engine_explosions</optionname>
      <optionvalue>false</optionvalue>
   </gameoption>
   <gameoption>
      <optionname>tacops_prone_fire</optionname>
      <optionvalue>false</optionvalue>
   </gameoption>
   <gameoption>
      <optionname>tacops_start_fire</optionname>
      <optionvalue>false</optionvalue>
   </gameoption>
   <gameoption>
      <optionname>tacops_range</optionname>
      <optionvalue>false</optionvalue>
   </gameoption>
   <gameoption>
      <optionname>tacops_LOS1</optionname>
      <optionvalue>false</optionvalue>
   </gameoption>
   <gameoption>
      <optionname>tacops_altdmg</optionname>
      <optionvalue>false</optionvalue>
   </gameoption>
   <gameoption>
      <optionname>tacops_clusterhitpen</optionname>
      <optionvalue>false</optionvalue>
   </gameoption>
   <gameoption>
      <optionname>tacops_ppc_inhibitors</optionname>
      <optionvalue>false</optionvalue>
   </gameoption>
   <gameoption>
      <optionname>tacops_charge_damage</optionname>
      <optionvalue>false</optionvalue>
   </gameoption>
   <gameoption>
      <optionname>tacops_glancing_blows</optionname>
      <optionvalue>false</optionvalue>
   </gameoption>
   <gameoption>
      <optionname>tacops_direct_blow</optionname>
      <optionvalue>false</optionvalue>
   </gameoption>
   <gameoption>
      <optionname>tacops_burst</optionname>
      <optionvalue>false</optionvalue>
   </gameoption>
   <gameoption>
      <optionname>tacops_heat</optionname>
      <optionvalue>false</optionvalue>
   </gameoption>
   <gameoption>
      <optionname>tacops_partial_cover</optionname>
      <optionvalue>false</optionvalue>
   </gameoption>
   <gameoption>
      <optionname>tacops_ba_criticals</optionname>
      <optionvalue>false</optionvalue>
   </gameoption>
   <gameoption>
      <optionname>tacops_hotload</optionname>
      <optionvalue>false</optionvalue>
   </gameoption>
   <gameoption>
      <optionname>tacops_rapid_ac</optionname>
      <optionvalue>false</optionvalue>
   </gameoption>
   <gameoption>
      <optionname>tacops_grappling</optionname>
      <optionvalue>false</optionvalue>
   </gameoption>
   <gameoption>
      <optionname>tacops_jump_jet_attack</optionname>
      <optionvalue>false</optionvalue>
   </gameoption>
   <gameoption>
      <optionname>tacops_trip_attack</optionname>
      <optionvalue>false</optionvalue>
   </gameoption>
   <gameoption>
      <optionname>tacops_energy_weapons</optionname>
      <optionvalue>false</optionvalue>
   </gameoption>
   <gameoption>
      <optionname>tacops_gauss_weapons</optionname>
      <optionvalue>false</optionvalue>
   </gameoption>
   <gameoption>
      <optionname>tacops_retractable_blades</optionname>
      <optionvalue>false</optionvalue>
   </gameoption>
   <gameoption>
      <optionname>tacops_ammunition</optionname>
      <optionvalue>false</optionvalue>
   </gameoption>
   <gameoption>
      <optionname>tacops_woods_cover</optionname>
      <optionvalue>false</optionvalue>
   </gameoption>
   <gameoption>
      <optionname>tacops_vehicle_effective</optionname>
      <optionvalue>false</optionvalue>
   </gameoption>
   <gameoption>
      <optionname>tacops_vehicle_arcs</optionname>
      <optionvalue>false</optionvalue>
   </gameoption>
   <gameoption>
      <optionname>tacops_advanced_mech_hit_locations</optionname>
      <optionvalue>false</optionvalue>
   </gameoption>
   <gameoption>
      <optionname>tacops_coolant_failure</optionname>
      <optionvalue>false</optionvalue>
   </gameoption>
   <gameoption>
      <optionname>allow_level_3_targsys</optionname>
      <optionvalue>false</optionvalue>
   </gameoption>
   <gameoption>
      <optionname>tank_level_3_targsys</optionname>
      <optionvalue>false</optionvalue>
   </gameoption>
   <gameoption>
      <optionname>no_tac</optionname>
      <optionvalue>false</optionvalue>
   </gameoption>
   <gameoption>
      <optionname>vehicles_safe_from_infernos</optionname>
      <optionvalue>false</optionvalue>
   </gameoption>
   <gameoption>
      <optionname>protos_safe_from_infernos</optionname>
      <optionvalue>false</optionvalue>
   </gameoption>
   <gameoption>
      <optionname>indirect_always_possible</optionname>
      <optionvalue>false</optionvalue>
   </gameoption>
   <gameoption>
      <optionname>tacops_standing_still</optionname>
      <optionvalue>false</optionvalue>
   </gameoption>
   <gameoption>
      <optionname>tacops_evade</optionname>
      <optionvalue>false</optionvalue>
   </gameoption>
   <gameoption>
      <optionname>tacops_skilled_evasion</optionname>
      <optionvalue>false</optionvalue>
   </gameoption>
   <gameoption>
      <optionname>tacops_physical_psr</optionname>
      <optionvalue>false</optionvalue>
   </gameoption>
   <gameoption>
      <optionname>tacops_attack_physical_psr</optionname>
      <optionvalue>false</optionvalue>
   </gameoption>
   <gameoption>
      <optionname>tacops_taking_damage</optionname>
      <optionvalue>false</optionvalue>
   </gameoption>
   <gameoption>
      <optionname>tacops_leg_damage</optionname>
      <optionvalue>false</optionvalue>
   </gameoption>
   <gameoption>
      <optionname>tacops_walk_backwards</optionname>
      <optionvalue>false</optionvalue>
   </gameoption>
   <gameoption>
      <optionname>vehicle_lance_movement</optionname>
      <optionvalue>false</optionvalue>
   </gameoption>
   <gameoption>
      <optionname>vehicle_lance_movement_number</optionname>
      <optionvalue>4</optionvalue>
   </gameoption>
   <gameoption>
      <optionname>tacops_hull_down</optionname>
      <optionvalue>false</optionvalue>
   </gameoption>
   <gameoption>
      <optionname>tacops_falling_expanded</optionname>
      <optionvalue>false</optionvalue>
   </gameoption>
   <gameoption>
      <optionname>tacops_attempting_stand</optionname>
      <optionvalue>false</optionvalue>
   </gameoption>
   <gameoption>
      <optionname>tacops_careful_stand</optionname>
      <optionvalue>false</optionvalue>
   </gameoption>
   <gameoption>
      <optionname>no_immobile_vehicles</optionname>
      <optionvalue>false</optionvalue>
   </gameoption>
   <gameoption>
      <optionname>vehicles_can_eject</optionname>
      <optionvalue>false</optionvalue>
   </gameoption>
   <gameoption>
      <optionname>ejected_pilots_flee</optionname>
      <optionvalue>false</optionvalue>
   </gameoption>
   <gameoption>
      <optionname>auto_abandon_unit</optionname>
      <optionvalue>false</optionvalue>
   </gameoption>
   <gameoption>
      <optionname>no_hover_charge</optionname>
      <optionvalue>false</optionvalue>
   </gameoption>
   <gameoption>
      <optionname>no_premove_vibra</optionname>
      <optionvalue>false</optionvalue>
   </gameoption>
   <gameoption>
      <optionname>falls_end_movement</optionname>
      <optionvalue>false</optionvalue>
   </gameoption>
   <gameoption>
      <optionname>stratops_capital_fighter</optionname>
      <optionvalue>false</optionvalue>
   </gameoption>
   <gameoption>
      <optionname>fuel_consumption</optionname>
      <optionvalue>false</optionvalue>
   </gameoption>
   <gameoption>
      <optionname>stratops_conv_fusion_bonus</optionname>
      <optionvalue>false</optionvalue>
   </gameoption>
   <gameoption>
      <optionname>stratops_harjel</optionname>
      <optionvalue>false</optionvalue>
   </gameoption>
   <gameoption>
      <optionname>stratops_grav_effects</optionname>
      <optionvalue>false</optionvalue>
   </gameoption>
   <gameoption>
      <optionname>advanced_movement</optionname>
      <optionvalue>false</optionvalue>
   </gameoption>
   <gameoption>
      <optionname>heat_by_bay</optionname>
      <optionvalue>false</optionvalue>
   </gameoption>
   <gameoption>
      <optionname>atmospheric_control</optionname>
      <optionvalue>false</optionvalue>
   </gameoption>
   <gameoption>
      <optionname>ammo_explosions</optionname>
      <optionvalue>false</optionvalue>
   </gameoption>
   <gameoption>
      <optionname>stratops_aaa_laser</optionname>
      <optionvalue>false</optionvalue>
   </gameoption>
   <gameoption>
      <optionname>stratops_bracket_fire</optionname>
      <optionvalue>false</optionvalue>
   </gameoption>
   <gameoption>
      <optionname>stratops_ecm</optionname>
      <optionvalue>false</optionvalue>
   </gameoption>
   <gameoption>
      <optionname>stratops_sensor_shadow</optionname>
      <optionvalue>false</optionvalue>
   </gameoption>
   <gameoption>
      <optionname>stratops_over_penetrate</optionname>
      <optionvalue>false</optionvalue>
   </gameoption>
   <gameoption>
      <optionname>stratops_space_bomb</optionname>
      <optionvalue>false</optionvalue>
   </gameoption>
   <gameoption>
      <optionname>variable_damage_thresh</optionname>
      <optionvalue>false</optionvalue>
   </gameoption>
   <gameoption>
      <optionname>at2_nukes</optionname>
      <optionvalue>false</optionvalue>
   </gameoption>
   <gameoption>
      <optionname>individual_initiative</optionname>
      <optionvalue>false</optionvalue>
   </gameoption>
   <gameoption>
      <optionname>command_init</optionname>
      <optionvalue>false</optionvalue>
   </gameoption>
   <gameoption>
      <optionname>inf_move_even</optionname>
      <optionvalue>false</optionvalue>
   </gameoption>
   <gameoption>
      <optionname>inf_deploy_even</optionname>
      <optionvalue>false</optionvalue>
   </gameoption>
   <gameoption>
      <optionname>inf_move_later</optionname>
      <optionvalue>false</optionvalue>
   </gameoption>
   <gameoption>
      <optionname>inf_move_multi</optionname>
      <optionvalue>false</optionvalue>
   </gameoption>
   <gameoption>
      <optionname>protos_move_even</optionname>
      <optionvalue>false</optionvalue>
   </gameoption>
   <gameoption>
      <optionname>protos_deploy_even</optionname>
      <optionvalue>false</optionvalue>
   </gameoption>
   <gameoption>
      <optionname>protos_move_later</optionname>
      <optionvalue>false</optionvalue>
   </gameoption>
   <gameoption>
      <optionname>protos_move_multi</optionname>
      <optionvalue>false</optionvalue>
   </gameoption>
   <gameoption>
      <optionname>inf_proto_move_multi</optionname>
      <optionvalue>3</optionvalue>
   </gameoption>
   <gameoption>
      <optionname>simultaneous_targeting</optionname>
      <optionvalue>false</optionvalue>
   </gameoption>
   <gameoption>
      <optionname>simultaneous_firing</optionname>
      <optionvalue>false</optionvalue>
   </gameoption>
   <gameoption>
      <optionname>simultaneous_physical</optionname>
      <optionvalue>false</optionvalue>
   </gameoption>
   <gameoption>
      <optionname>rpg_gunnery</optionname>
      <optionvalue>false</optionvalue>
   </gameoption>
   <gameoption>
      <optionname>pilot_advantages</optionname>
      <optionvalue>false</optionvalue>
   </gameoption>
   <gameoption>
      <optionname>manei_domini</optionname>
      <optionvalue>false</optionvalue>
   </gameoption>
</options>
