<?xml version="1.0"?>
<options>
   <gameoption>
      <optionname>friendly_fire</optionname>
      <optionvalue>false</optionvalue>
   </gameoption>
   <gameoption>
      <optionname>skip_ineligable_movement</optionname>
      <optionvalue>false</optionvalue>
   </gameoption>
   <gameoption>
      <optionname>skip_ineligable_firing</optionname>
      <optionvalue>false</optionvalue>
   </gameoption>
   <gameoption>
      <optionname>skip_ineligable_physical</optionname>
      <optionvalue>true</optionvalue>
   </gameoption>
   <gameoption>
      <optionname>push_off_board</optionname>
      <optionvalue>true</optionvalue>
   </gameoption>
   <gameoption>
      <optionname>rng_type</optionname>
      <optionvalue>1</optionvalue>
   </gameoption>
   <gameoption>
      <optionname>team_initiative</optionname>
      <optionvalue>true</optionvalue>
   </gameoption>
   <gameoption>
      <optionname>is_eq_limits</optionname>
      <optionvalue>true</optionvalue>
   </gameoption>
   <gameoption>
      <optionname>autosave_msg</optionname>
      <optionvalue>true</optionvalue>
   </gameoption>
   <gameoption>
      <optionname>paranoid_autosave</optionname>
      <optionvalue>false</optionvalue>
   </gameoption>
   <gameoption>
      <optionname>maps_include_subdir</optionname>
      <optionvalue>false</optionvalue>
   </gameoption>
   <gameoption>
      <optionname>exclusive_db_deployment</optionname>
      <optionvalue>true</optionvalue>
   </gameoption>
   <gameoption>
      <optionname>deep_deployment</optionname>
      <optionvalue>false</optionvalue>
   </gameoption>
   <gameoption>
      <optionname>restrict_game_commands</optionname>
      <optionvalue>false</optionvalue>
   </gameoption>
   <gameoption>
      <optionname>check_victory</optionname>
      <optionvalue>true</optionvalue>
   </gameoption>
   <gameoption>
      <optionname>achieve_conditions</optionname>
      <optionvalue>1</optionvalue>
   </gameoption>
   <gameoption>
      <optionname>use_bv_destroyed</optionname>
      <optionvalue>false</optionvalue>
   </gameoption>
   <gameoption>
      <optionname>bv_destroyed_percent</optionname>
      <optionvalue>100</optionvalue>
   </gameoption>
   <gameoption>
      <optionname>use_bv_ratio</optionname>
      <optionvalue>true</optionvalue>
   </gameoption>
   <gameoption>
      <optionname>bv_ratio_percent</optionname>
      <optionvalue>300</optionvalue>
   </gameoption>
   <gameoption>
      <optionname>use_game_turn_limit</optionname>
      <optionvalue>false</optionvalue>
   </gameoption>
   <gameoption>
      <optionname>game_turn_limit</optionname>
      <optionvalue>10</optionvalue>
   </gameoption>
   <gameoption>
      <optionname>flamer_heat</optionname>
      <optionvalue>true</optionvalue>
   </gameoption>
   <gameoption>
      <optionname>fire</optionname>
      <optionvalue>true</optionvalue>
   </gameoption>
   <gameoption>
      <optionname>indirect_fire</optionname>
      <optionvalue>true</optionvalue>
   </gameoption>
   <gameoption>
      <optionname>minefields</optionname>
      <optionvalue>true</optionvalue>
   </gameoption>
   <gameoption>
      <optionname>temperature</optionname>
      <optionvalue>25</optionvalue>
   </gameoption>
   <gameoption>
      <optionname>gravity</optionname>
      <optionvalue>1.0</optionvalue>
   </gameoption>
   <gameoption>
      <optionname>vacuum</optionname>
      <optionvalue>false</optionvalue>
   </gameoption>
   <gameoption>
      <optionname>night_battle</optionname>
      <optionvalue>false</optionvalue>
   </gameoption>
   <gameoption>
      <optionname>assault_drop</optionname>
      <optionvalue>false</optionvalue>
   </gameoption>
   <gameoption>
      <optionname>allow_level_3_units</optionname>
      <optionvalue>false</optionvalue>
   </gameoption>
   <gameoption>
      <optionname>allow_level_3_ammo</optionname>
      <optionvalue>false</optionvalue>
   </gameoption>
   <gameoption>
      <optionname>double_blind</optionname>
      <optionvalue>false</optionvalue>
   </gameoption>
   <gameoption>
      <optionname>supress_all_double_blind_messages</optionname>
      <optionvalue>false</optionvalue>
   </gameoption>
   <gameoption>
      <optionname>dusk</optionname>
      <optionvalue>false</optionvalue>
   </gameoption>
   <gameoption>
      <optionname>team_vision</optionname>
      <optionvalue>true</optionvalue>
   </gameoption>
   <gameoption>
      <optionname>floating_crits</optionname>
      <optionvalue>true</optionvalue>
   </gameoption>
   <gameoption>
      <optionname>engine_explosions</optionname>
      <optionvalue>true</optionvalue>
   </gameoption>
   <gameoption>
      <optionname>pilot_advantages</optionname>
      <optionvalue>true</optionvalue>
   </gameoption>
   <gameoption>
      <optionname>maxtech_physical_BTH</optionname>
      <optionvalue>true</optionvalue>
   </gameoption>
   <gameoption>
      <optionname>maxtech_physical_psr</optionname>
      <optionvalue>true</optionvalue>
   </gameoption>
   <gameoption>
      <optionname>maxtech_round_damage</optionname>
      <optionvalue>true</optionvalue>
   </gameoption>
   <gameoption>
      <optionname>maxtech_prone_fire</optionname>
      <optionvalue>true</optionvalue>
   </gameoption>
   <gameoption>
      <optionname>maxtech_target_modifiers</optionname>
      <optionvalue>true</optionvalue>
   </gameoption>
   <gameoption>
      <optionname>maxtech_leg_damage</optionname>
      <optionvalue>false</optionvalue>
   </gameoption>
   <gameoption>
      <optionname>maxtech_fire</optionname>
      <optionvalue>true</optionvalue>
   </gameoption>
   <gameoption>
      <optionname>maxtech_range</optionname>
      <optionvalue>false</optionvalue>
   </gameoption>
   <gameoption>
      <optionname>maxtech_LOS1</optionname>
      <optionvalue>false</optionvalue>
   </gameoption>
   <gameoption>
      <optionname>maxtech_altdmg</optionname>
      <optionvalue>false</optionvalue>
   </gameoption>
   <gameoption>
      <optionname>maxtech_mslhitpen</optionname>
      <optionvalue>false</optionvalue>
   </gameoption>
   <gameoption>
      <optionname>maxtech_ppc_inhibitors</optionname>
      <optionvalue>true</optionvalue>
   </gameoption>
   <gameoption>
      <optionname>maxtech_charge_damage</optionname>
      <optionvalue>false</optionvalue>
   </gameoption>
   <gameoption>
      <optionname>maxtech_glancing_blows</optionname>
      <optionvalue>false</optionvalue>
   </gameoption>
   <gameoption>
      <optionname>maxtech_burst</optionname>
      <optionvalue>false</optionvalue>
   </gameoption>
   <gameoption>
      <optionname>maxtech_heat</optionname>
      <optionvalue>false</optionvalue>
   </gameoption>
   <gameoption>
      <optionname>maxtech_mulekicks</optionname>
      <optionvalue>true</optionvalue>
   </gameoption>
   <gameoption>
      <optionname>maxtech_partial_cover</optionname>
      <optionvalue>true</optionvalue>
   </gameoption>
   <gameoption>
      <optionname>allow_level_3_targsys</optionname>
      <optionvalue>false</optionvalue>
   </gameoption>
   <gameoption>
      <optionname>quad_hit_location</optionname>
      <optionvalue>false</optionvalue>
   </gameoption>
   <gameoption>
      <optionname>hull_down</optionname>
      <optionvalue>false</optionvalue>
   </gameoption>
   <gameoption>
      <optionname>vehicle_fires</optionname>
      <optionvalue>false</optionvalue>
   </gameoption>
   <gameoption>
      <optionname>paratroopers</optionname>
      <optionvalue>false</optionvalue>
   </gameoption>
   <gameoption>
      <optionname>ba_criticals</optionname>
      <optionvalue>false</optionvalue>
   </gameoption>
   <gameoption>
      <optionname>maxtech_bap</optionname>
      <optionvalue>false</optionvalue>
   </gameoption>
   <gameoption>
      <optionname>maxtech_artillery</optionname>
      <optionvalue>false</optionvalue>
   </gameoption>
   <gameoption>
      <optionname>maxtech_eccm</optionname>
      <optionvalue>false</optionvalue>
   </gameoption>
   <gameoption>
      <optionname>maxtech_dig_in</optionname>
      <optionvalue>false</optionvalue>
   </gameoption>
   <gameoption>
      <optionname>maxtech_new_physicals</optionname>
      <optionvalue>false</optionvalue>
   </gameoption>
   <gameoption>
      <optionname>maxtech_infantry_damage</optionname>
      <optionvalue>false</optionvalue>
   </gameoption>
   <gameoption>
      <optionname>no_tac</optionname>
      <optionvalue>false</optionvalue>
   </gameoption>
   <gameoption>
      <optionname>no_immobile_vehicles</optionname>
      <optionvalue>false</optionvalue>
   </gameoption>
   <gameoption>
      <optionname>vehicles_can_eject</optionname>
      <optionvalue>false</optionvalue>
   </gameoption>
   <gameoption>
      <optionname>individual_initiative</optionname>
      <optionvalue>false</optionvalue>
   </gameoption>
   <gameoption>
      <optionname>inf_move_even</optionname>
      <optionvalue>false</optionvalue>
   </gameoption>
   <gameoption>
      <optionname>inf_deploy_even</optionname>
      <optionvalue>false</optionvalue>
   </gameoption>
   <gameoption>
      <optionname>inf_move_later</optionname>
      <optionvalue>false</optionvalue>
   </gameoption>
   <gameoption>
      <optionname>inf_move_multi</optionname>
      <optionvalue>false</optionvalue>
   </gameoption>
   <gameoption>
      <optionname>protos_move_even</optionname>
      <optionvalue>false</optionvalue>
   </gameoption>
   <gameoption>
      <optionname>protos_deploy_even</optionname>
      <optionvalue>false</optionvalue>
   </gameoption>
   <gameoption>
      <optionname>protos_move_later</optionname>
      <optionvalue>false</optionvalue>
   </gameoption>
   <gameoption>
      <optionname>protos_move_multi</optionname>
      <optionvalue>false</optionvalue>
   </gameoption>
   <gameoption>
      <optionname>inf_proto_move_multi</optionname>
      <optionvalue>3</optionvalue>
   </gameoption>
   <gameoption>
      <optionname>blind_drop</optionname>
      <optionvalue>false</optionvalue>
   </gameoption>
   <gameoption>
      <optionname>real_blind_drop</optionname>
      <optionvalue>false</optionvalue>
   </gameoption>
   <gameoption>
      <optionname>visibility</optionname>
      <optionvalue>999</optionvalue>
   </gameoption>
   <gameoption>
      <optionname>clan_ignore_eq_limits</optionname>
      <optionvalue>false</optionvalue>
   </gameoption>
   <gameoption>
      <optionname>no_clan_physical</optionname>
      <optionvalue>false</optionvalue>
   </gameoption>
   <gameoption>
      <optionname>no_hover_charge</optionname>
      <optionvalue>false</optionvalue>
   </gameoption>
   <gameoption>
      <optionname>woods_burn_down</optionname>
      <optionvalue>false</optionvalue>
   </gameoption>
   <gameoption>
      <optionname>vehicles_safe_from_infernos</optionname>
      <optionvalue>false</optionvalue>
   </gameoption>
   <gameoption>
      <optionname>protos_safe_from_infernos</optionname>
      <optionvalue>false</optionvalue>
   </gameoption>
   <gameoption>
      <optionname>lobby_ammo_dump</optionname>
      <optionvalue>false</optionvalue>
   </gameoption>
   <gameoption>
      <optionname>set_arty_player_homeedge</optionname>
      <optionvalue>false</optionvalue>
   </gameoption>
   <gameoption>
      <optionname>no_premove_vibra</optionname>
      <optionvalue>false</optionvalue>
   </gameoption>
   <gameoption>
      <optionname>auto_spot</optionname>
      <optionvalue>false</optionvalue>
   </gameoption>
   <gameoption>
      <optionname>margin_scatter_distance</optionname>
      <optionvalue>false</optionvalue>
   </gameoption>
   <gameoption>
      <optionname>allow_illegal_units</optionname>
      <optionvalue>false</optionvalue>
   </gameoption>
   <gameoption>
      <optionname>ejected_pilots_flee</optionname>
      <optionvalue>false</optionvalue>
   </gameoption>
   <gameoption>
      <optionname>a4homing_target_area</optionname>
      <optionvalue>false</optionvalue>
   </gameoption>
   <gameoption>
      <optionname>all_have_ei_cockpit</optionname>
      <optionvalue>false</optionvalue>
   </gameoption>
   <gameoption>
      <optionname>canon_only</optionname>
      <optionvalue>false</optionvalue>
   </gameoption>
   <gameoption>
      <optionname>indirect_always_possible</optionname>
      <optionvalue>false</optionvalue>
   </gameoption>
   <gameoption>
      <optionname>quad_hit_location_plus</optionname>
      <optionvalue>false</optionvalue>
   </gameoption>
   <gameoption>
      <optionname>armed_mechwarriors</optionname>
      <optionvalue>false</optionvalue>
   </gameoption>
   <gameoption>
      <optionname>auto_abandon_unit</optionname>
      <optionvalue>false</optionvalue>
   </gameoption>
   <gameoption>
      <optionname>no_ignite_clear</optionname>
      <optionvalue>false</optionvalue>
   </gameoption>
</options>
